track_id,frame,x,y
0,0,189.04545454545453,396.012987012987
0,1,187.68279569892474,396.44086021505376
0,2,187.34065934065933,396.2857142857143
0,3,186.70430107526883,396.741935483871
0,4,187.07926829268294,398.4512195121951
0,5,188.51552795031057,399.7080745341615
0,6,191.55633802816902,401.6619718309859
0,7,193.53435114503816,400.8702290076336
0,8,196.27272727272728,400.6439393939394
0,9,195.95774647887325,400.2535211267606
0,10,198.20289855072463,399.22463768115944
0,11,199.82442748091603,399.1832061068702
0,15,194.984496124031,396.93023255813955
0,16,191.6058394160584,395.35766423357666
0,17,191.14705882352942,394.55882352941177
0,18,189.7785234899329,393.61073825503354
0,19,188.71794871794873,392.10897435897436
0,20,188.23837209302326,390.7325581395349
0,21,189.12790697674419,389.34302325581393
0,22,187.56906077348066,388.57458563535914
0,23,188.40331491712706,388.03867403314916
0,24,185.8342245989305,388.5080213903743
0,25,184.04166666666666,387.6510416666667
0,26,182.86458333333334,386.0416666666667
0,27,181.9,385.13684210526316
0,28,180.72972972972974,384.17297297297296
0,29,179.28125,383.1875
0,30,178.11162790697674,381.5302325581395
0,31,177.18303571428572,381.79910714285717
0,32,176.32,383.2711111111111
0,33,174.74242424242425,384.47474747474746
0,34,174.8876404494382,383.7584269662921
0,35,172.76100628930817,385.0314465408805
0,36,169.88888888888889,385.6984126984127
0,37,167.47738693467338,386.3718592964824
0,38,166.83756345177665,386.65989847715736
0,39,165.22596153846155,387.36538461538464
0,40,163.94222222222223,388.0755555555556
0,41,162.55263157894737,388.1929824561403
0,42,162.84848484848484,388.25252525252523
0,43,160.01015228426397,388.9746192893401
0,44,159.1865284974093,388.860103626943
0,45,158.28372093023256,388.2325581395349
0,46,158.61421319796955,389.0761421319797
0,47,160.33333333333334,388.2163742690058
0,48,162.27564102564102,387.04487179487177
0,49,163.60377358490567,387.188679245283
0,50,165.95530726256985,385.9608938547486
0,51,168.515,384.85
0,52,168.54166666666666,385.3072916666667
0,53,168.203125,384.5729166666667
0,54,170.6,383.98571428571427
0,55,171.04329004329006,382.7402597402597
0,56,171.25,381.5169491525424
0,57,172.30125523012552,380.31799163179915
0,58,173.78111587982832,380.41630901287556
0,59,174.954128440367,380.41284403669727
0,60,175.8009478672986,380.34597156398104
0,61,178.11818181818182,379.2318181818182
0,62,179.51674641148324,379.14354066985646
0,63,181.2093023255814,379.1860465116279
0,64,182.71495327102804,379.11682242990656
0,65,181.09302325581396,378.30697674418604
0,66,179.00440528634363,377.6563876651982
0,67,179.03463203463204,378.25108225108227
0,68,180.51401869158877,377.5373831775701
0,69,181.68783068783068,377.5608465608466
0,70,180.91176470588235,377.15686274509807
0,71,182.46192893401016,377.15736040609136
0,72,183.30645161290323,376.9193548387097
0,73,182.9497487437186,376.8391959798995
0,74,182.85425101214574,377.05668016194335
0,75,187.90769230769232,377.99615384615385
0,76,191.48736462093862,378.7148014440433
0,77,196.84341637010675,379.3523131672598
0,78,204.06269592476488,379.5360501567398
0,79,212.13186813186815,380.17216117216117
0,80,215.1891891891892,380.5444015444015
0,81,217.525,380.9625
0,82,222.13488372093022,381.1441860465116
0,83,221.49479166666666,380.578125
0,84,223.70616113744074,381.5592417061611
0,85,225.34782608695653,382.7304347826087
0,86,226.61572052401746,387.09170305676855
0,87,227.90322580645162,388.97235023041475
0,88,230.32,390.3511111111111
0,89,232.01293103448276,391.57758620689657
0,90,233.75862068965517,392.26724137931035
0,91,236.641592920354,393.07522123893807
0,92,240.0326530612245,394.1224489795918
0,93,242.08823529411765,394.2563025210084
0,94,244.93548387096774,393.6733870967742
0,95,247.58091286307055,392.91701244813277
0,96,246.59183673469389,392.2408163265306
0,97,247.3850267379679,389.96256684491976
0,98,247.52272727272728,389.52272727272725
0,99,247.93478260869566,389.9347826086956
0,100,248.19387755102042,389.9183673469388
0,101,248.34463276836158,391.7457627118644
0,102,249.77348066298342,394.3204419889503
0,103,252.43661971830986,394.38967136150234
0,104,253.5467289719626,395.2429906542056
0,105,255.2914798206278,395.82959641255604
0,106,258.4263157894737,397.0263157894737
0,107,259.56476683937825,398.2435233160622
0,108,259.8659793814433,398.9742268041237
0,109,260.76243093922653,397.292817679558
0,110,259.874251497006,398.0479041916168
0,111,258.82022471910113,399.0280898876405
0,112,259.89502762430936,400.18232044198896
0,113,260.1897435897436,400.05128205128204
0,114,260.8643216080402,401.3115577889447
0,115,260.15675675675675,402.87567567567567
0,116,260.2817679558011,403.3922651933702
0,117,260.31413612565444,404.27225130890054
0,118,259.52589641434264,407.21115537848607
0,119,262.6474820143885,411.431654676259
0,120,264.18275862068964,411.4448275862069
1,0,285.35074626865674,402.2313432835821
1,1,285.538961038961,398.487012987013
1,2,287.95454545454544,397.3125
1,3,288.41011235955057,396.55056179775283
1,4,289.4921465968586,395.32460732984293
1,5,290.3948717948718,394.8205128205128
1,6,293.131221719457,393.5203619909502
1,7,296.12264150943395,391.04716981132077
1,8,296.93367346938777,389.31632653061223
1,9,298.8514851485148,387.71287128712873
1,10,299.7733990147783,386.1773399014778
1,11,299.96938775510205,385.7295918367347
1,12,300.6190476190476,385.2857142857143
1,13,302.4943181818182,385.42045454545456
1,14,299.66137566137564,384.3968253968254
1,15,299.05820105820106,382.4021164021164
1,16,301.2529411764706,384.6058823529412
1,17,300.6255924170616,386.93364928909955
1,18,301.18811881188117,385.7920792079208
1,19,303.67692307692306,382.4
1,20,303.1411764705882,383.06470588235294
1,21,303.1547619047619,383.98809523809524
1,22,302.0751445086705,384.87861271676303
1,23,303.9738219895288,387.20942408376965
1,24,305.74666666666667,389.9511111111111
1,25,308.2711111111111,393.2088888888889
1,26,309.6666666666667,394.6666666666667
1,27,312.5432692307692,396.9855769230769
1,28,316.49781659388645,397.48471615720524
1,29,321.32272727272726,398.6409090909091
1,30,324.4244186046512,398.0639534883721
1,31,327.41477272727275,397.6761363636364
1,32,327.1385542168675,397.855421686747
1,33,327.0191082802548,397.29936305732485
1,34,327.6190476190476,397.2142857142857
1,35,327.680981595092,397.39877300613495
1,36,327.92899408284023,398.06508875739644
1,37,329.15425531914894,397.77127659574467
1,38,327.01630434782606,399.29347826086956
1,39,323.8511627906977,400.0883720930233
1,40,323.070796460177,400.429203539823
1,41,324.64356435643566,400.3217821782178
1,42,323.3641304347826,401.3152173913044
1,43,323.1589743589744,401.4871794871795
1,44,322.6124401913876,402.5263157894737
1,45,322.5330396475771,403.7180616740088
1,46,321.93362831858406,404.15486725663715
1,47,322.6060606060606,402.2070707070707
1,48,324.20526315789476,401.60526315789474
1,49,326.5792079207921,399.980198019802
1,50,328.5977011494253,398.68390804597703
1,51,328.07954545454544,398.4375
1,52,328.3662790697674,398.75581395348837
1,53,327.9024390243902,398.7865853658537
1,54,327.78034682080926,398.71098265895955
1,55,328.3815028901734,398.5202312138728
1,56,328.0591715976331,399.08284023668637
1,57,329.1036585365854,398.2682926829268
1,58,331.046875,395.4114583333333
1,59,334.5508474576271,390.47033898305085
1,60,334.32300884955754,392.2654867256637
1,61,335.6182572614108,391.6473029045643
1,62,337.02024291497975,393.46963562753035
1,63,340.878640776699,393.873786407767
1,64,343.470297029703,396.91089108910893
1,65,345.9384615384615,396.0153846153846
1,66,348.98617511520735,398.9447004608295
1,67,350.2403433476395,401.20600858369096
1,68,352.57201646090533,402.81069958847735
1,69,355.35135135135135,404.1081081081081
1,70,358.06060606060606,406.23376623376623
1,71,359.7276995305164,406.1924882629108
1,72,361.35121951219514,405.7951219512195
1,73,360.16574585635357,407.4696132596685
1,74,361.20212765957444,407.45212765957444
1,75,361.3235294117647,406.74117647058824
1,76,363.94358974358977,407.98974358974357
1,77,364.5531914893617,407.781914893617
1,78,364.66480446927375,408.5586592178771
1,79,367.285,411.08
1,80,370.1933962264151,411.4811320754717
1,81,373.0311111111111,412.76
1,82,375.7181818181818,413.1090909090909
1,83,377.14285714285717,413.012987012987
1,84,377.93415637860085,413.4156378600823
1,85,381.3360655737705,409.5245901639344
1,86,384.0,405.7772925764192
1,87,385.3980582524272,403.06310679611653
1,88,385.29411764705884,401.4529411764706
1,89,382.515,401.35
1,90,380.55223880597015,399.67164179104475
1,91,378.00485436893206,400.42233009708735
1,92,374.668085106383,401.44255319148937
1,93,370.1799163179916,402.9121338912134
1,94,368.36315789473684,404.72105263157897
1,95,367.7987804878049,406.5609756097561
1,96,367.20540540540543,409.6054054054054
1,97,367.3677419354839,409.8709677419355
1,98,371.6268656716418,409.7014925373134
1,99,374.68224299065423,408.2570093457944
1,100,376.81974248927037,405.5450643776824
1,101,377.4309623430962,404.69037656903765
1,102,377.18095238095236,402.66190476190474
1,103,378.3436123348018,402.43612334801765
1,104,380.93617021276594,401.86382978723407
1,105,385.6403162055336,405.75889328063244
1,106,391.57462686567163,406.74626865671644
1,107,400.31336405529953,408.4331797235023
1,108,404.0219298245614,408.11842105263156
1,109,403.12307692307695,408.8102564102564
1,110,407.64159292035396,408.96902654867256
1,111,417.15695067264573,409.4035874439462
1,112,419.93564356435644,408.8762376237624
1,113,422.5816326530612,410.5765306122449
1,114,425.12359550561797,411.4325842696629
1,115,429.8670520231214,412.9942196531792
1,116,431.67164179104475,413.11442786069654
1,117,434.7670682730924,411.69477911646584
1,118,440.4669603524229,410.0264317180617
1,119,447.2473684210526,411.42105263157896
1,120,453.7027027027027,411.64414414414415
2,0,419.5527950310559,414.87577639751555
2,1,420.6174863387978,414.95081967213116
2,2,421.53846153846155,414.8934911242604
2,3,421.36551724137934,414.36551724137934
2,4,422.85526315789474,414.8881578947368
2,5,424.4269005847953,414.4035087719298
2,6,425.21084337349396,414.2409638554217
2,7,424.61146496815286,414.0636942675159
2,8,425.8724832214765,413.503355704698
2,9,429.29611650485435,413.2669902912621
2,10,434.53711790393015,411.92576419213975
2,11,434.74778761061947,411.64159292035396
2,12,435.91189427312776,411.26431718061673
2,13,441.18367346938777,409.0938775510204
2,14,443.14285714285717,408.74789915966386
2,15,444.6934673366834,410.1356783919598
2,16,447.2897196261682,410.2897196261682
2,17,451.3374485596708,410.5308641975309
2,18,455.6194029850746,411.31716417910445
2,19,458.30384615384617,411.05
2,20,459.9791666666667,413.15
2,21,461.9391304347826,414.6695652173913
2,22,464.89565217391305,418.67826086956524
2,23,467.7012987012987,421.3939393939394
2,24,468.00904977375563,421.81447963800906
2,25,468.02463054187194,422.42364532019707
2,26,468.6614583333333,423.03125
2,27,469.9438202247191,423.7191011235955
2,28,470.37278106508876,424.29585798816566
2,29,470.8010752688172,424.6720430107527
2,30,472.86,425.32
2,31,473.49142857142857,425.74857142857144
2,32,472.8011363636364,425.53409090909093
2,33,473.1988636363636,425.64204545454544
2,34,472.8863636363636,425.5681818181818
2,35,474.18324607329845,425.91623036649213
2,36,474.3125,425.765625
2,37,474.63775510204084,425.93367346938777
2,38,474.8421052631579,425.4947368421053
2,39,474.8888888888889,425.979797979798
2,40,473.76271186440675,425.43502824858757
2,41,472.49068322981367,424.60869565217394
2,42,472.8231707317073,424.8353658536585
2,43,471.7914110429448,424.7546012269939
2,44,471.4625,424.9
2,45,470.9647058823529,424.36470588235295
2,46,471.08,423.97714285714284
2,47,471.6686746987952,424.67469879518075
2,48,470.7570621468927,423.7401129943503
2,49,469.4449541284404,422.2798165137615
2,50,468.9173913043478,420.6521739130435
2,51,470.09090909090907,423.88235294117646
2,52,469.16279069767444,422.5813953488372
2,53,470.81564245810057,424.0111731843575
2,54,470.7022471910112,423.97752808988764
2,55,467.4848484848485,423.38528138528136
2,56,466.0694980694981,422.0617760617761
2,57,465.30078125,421.046875
2,58,463.6212121212121,420.70075757575756
2,59,463.05836575875486,420.1284046692607
2,60,462.18702290076334,419.44274809160305
2,61,460.47773279352225,417.9838056680162
2,62,457.8834080717489,416.1838565022422
2,63,454.1198347107438,415.25206611570246
2,64,451.7056451612903,415.5524193548387
2,65,449.2310924369748,415.97058823529414
2,66,448.70305676855895,416.44978165938863
2,67,444.2649572649573,415.5
2,68,441.4086956521739,413.66521739130434
2,69,440.2135922330097,413.6067961165049
2,70,438.7371134020619,411.7525773195876
2,71,439.4493670886076,411.90506329113924
2,72,439.80116959064327,409.4327485380117
2,73,439.1105527638191,407.24120603015075
2,74,439.21465968586386,407.0
2,75,439.69662921348316,407.13483146067415
2,76,435.2830188679245,414.5175202156334
2,77,435.90547263681594,414.1741293532338
2,78,437.49103139013454,414.65246636771303
2,79,441.5572916666667,402.3489583333333
2,80,441.8901734104046,401.02312138728325
2,81,441.7738095238095,401.32738095238096
2,82,442.5,401.1
2,83,442.49444444444447,401.45
2,84,443.27807486631013,402.1818181818182
2,85,442.5562130177515,402.7751479289941
2,86,442.32402234636874,403.6927374301676
2,87,443.31111111111113,403.19444444444446
2,88,444.3692307692308,403.6102564102564
2,89,444.7696335078534,403.6125654450262
2,90,445.74439461883406,404.8520179372197
2,91,447.9551020408163,411.2734693877551
2,92,448.5550847457627,413.02542372881356
2,93,448.2130434782609,413.30434782608694
2,94,447.17788461538464,417.3605769230769
2,95,444.78823529411767,420.2196078431373
2,96,444.1406844106464,422.2509505703422
2,97,444.38345864661653,423.19924812030075
2,98,445.84397163120565,424.78723404255317
2,99,444.5236220472441,422.81496062992125
2,100,444.3429752066116,423.6528925619835
2,101,445.17676767676767,424.6111111111111
2,102,444.5688622754491,424.6467065868263
2,103,444.70175438596493,425.08187134502924
2,104,445.56435643564356,425.8168316831683
2,105,449.47791164658634,426.83534136546183
2,106,453.7085201793722,423.42152466367713
2,107,454.02139037433153,422.6524064171123
2,108,457.9183673469388,420.3265306122449
2,109,461.3809523809524,419.2943722943723
2,110,462.0995024875622,419.0547263681592
2,111,465.6972972972973,420.3783783783784
2,112,467.65734265734267,418.5944055944056
2,113,468.8353658536585,419.2926829268293
2,114,471.69948186528495,418.0103626943005
2,115,476.55230125523013,416.2803347280335
2,116,482.4574468085106,413.9574468085106
2,117,482.8439024390244,410.74146341463415
2,118,487.76666666666665,406.83809523809526
2,119,491.3495575221239,402.13274336283183
2,120,494.0095238095238,397.2190476190476
3,0,250.61837455830388,419.6183745583039
3,1,251.135231316726,421.423487544484
3,2,253.8758389261745,424.7718120805369
3,3,256.0660377358491,428.28930817610063
3,4,257.178125,429.89375
3,5,256.6220238095238,432.8363095238095
3,6,256.3545454545455,437.57575757575756
3,7,257.9943342776204,441.5382436260623
3,8,258.61299435028246,443.6214689265537
3,9,258.6448863636364,445.98295454545456
3,10,259.8343373493976,446.1144578313253
3,11,260.1759530791789,446.4985337243402
3,12,260.96923076923076,448.0615384615385
3,13,263.78930817610063,447.08490566037733
3,14,264.671686746988,445.28915662650604
3,15,267.7181818181818,443.6272727272727
3,16,270.84276729559747,441.99685534591197
3,17,267.6156351791531,444.4527687296417
3,18,264.36103151862466,447.6189111747851
3,19,264.016713091922,451.56545961002786
3,20,264.9742857142857,457.3485714285714
3,21,265.30205278592376,460.79472140762465
3,22,266.16521739130434,462.75652173913045
3,23,266.6453488372093,463.9156976744186
3,24,267.33988764044943,463.48595505617976
3,25,271.4173027989822,464.3460559796438
3,26,274.56115107913666,464.12470023980813
3,27,277.36915887850466,463.4158878504673
3,28,277.8533007334963,463.40586797066015
3,29,279.70100502512565,462.1683417085427
3,30,281.93887530562347,461.40097799511
3,31,284.2,460.76941176470586
3,32,287.5810810810811,460.29954954954957
3,33,292.59637188208615,459.3854875283447
3,34,297.63849765258215,458.4201877934272
3,35,300.7747524752475,457.8168316831683
3,36,303.0904761904762,457.1857142857143
3,37,305.2905569007264,456.50847457627117
3,38,307.44935064935066,456.05974025974024
3,39,309.23719676549865,455.46091644204853
3,40,312.3212290502793,454.33519553072625
3,41,313.07225433526014,454.1387283236994
3,42,311.86297376093296,454.22157434402334
3,43,313.5492537313433,454.0776119402985
3,44,314.2967359050445,453.72106824925817
3,45,316.0929577464789,452.9380281690141
3,46,318.41525423728814,452.26271186440675
3,47,320.5081081081081,450.73783783783784
3,48,323.5100502512563,449.2185929648241
3,49,326.44638403990024,446.73815461346635
3,50,331.24615384615385,442.0282051282051
3,51,335.3282051282051,439.374358974359
3,52,342.1343669250646,435.24289405684755
3,53,345.1915492957746,432.83098591549293
3,54,347.6170212765957,431.58358662613983
3,55,347.3782991202346,431.51026392961876
3,56,348.7564935064935,430.37012987012986
3,57,349.9503311258278,429.2549668874172
3,58,352.3907284768212,428.3377483443709
3,59,357.26978417266184,427.5431654676259
3,60,358.64468864468864,427.43223443223445
3,61,360.7411347517731,427.2411347517731
3,62,366.12951807228916,426.855421686747
3,63,369.5282485875706,426.90677966101697
3,64,375.3809523809524,425.2857142857143
3,65,384.0824175824176,425.2087912087912
3,66,387.10497237569064,425.04696132596683
3,67,391.505376344086,424.85483870967744
3,68,394.18105849582173,424.8690807799443
3,69,398.02949061662196,426.5844504021448
3,70,408.87728459530024,427.6240208877285
3,71,417.8262195121951,427.8201219512195
3,72,420.5361842105263,425.2828947368421
3,73,424.4406130268199,423.3295019157088
3,74,425.44664031620556,422.4782608695652
3,75,427.6650717703349,421.2248803827751
3,79,440.3975409836066,424.4549180327869
3,80,446.3059936908517,424.2776025236593
3,81,450.25249169435216,423.19601328903656
3,82,457.6827309236948,419.99598393574297
3,83,462.2054794520548,417.3595890410959
3,84,467.3137931034483,411.6241379310345
3,85,470.3038348082596,406.44837758112095
3,86,476.26599326599325,398.1750841750842
3,87,478.8697068403909,395.628664495114
3,88,481.43728813559323,391.7728813559322
3,89,486.0586592178771,386.12849162011173
3,90,487.0366972477064,381.6666666666667
3,91,486.50299401197606,378.96407185628743
3,92,486.77602523659306,378.29652996845425
3,93,487.57401812688823,376.4320241691843
3,94,494.06018518518516,370.1458333333333
3,95,498.1108597285068,369.7647058823529
3,96,509.3009259259259,373.4537037037037
3,97,518.313769751693,369.57787810383746
3,98,529.1502463054187,366.4605911330049
3,99,538.234762979684,371.1331828442438
3,100,552.777239709443,381.0799031476998
3,101,561.6507177033493,378.2392344497608
3,102,569.960591133005,375.1773399014778
3,103,581.1717171717172,370.57070707070704
3,104,588.2265060240964,375.54698795180724
3,105,596.589928057554,375.4484412470024
3,106,606.5501222493888,371.63814180929097
3,107,614.3793103448276,362.1816091954023
3,108,622.9742268041238,361.60309278350513
3,109,634.8782816229117,361.6038186157518
3,110,648.3467933491686,365.20902612826603
3,111,658.5309278350516,364.159793814433
3,112,665.5123762376238,362.28960396039605
3,113,671.5784313725491,362.68382352941177
3,114,677.0255754475703,355.5217391304348
3,115,683.9798488664987,349.8186397984887
3,116,694.8257575757576,350.2979797979798
3,117,699.3485576923077,355.38461538461536
3,118,710.5012853470437,355.5038560411311
3,119,721.5804749340369,356.39313984168865
3,120,729.9724517906336,358.96143250688704
4,0,633.6061776061777,440.04247104247105
4,1,631.8571428571429,438.76190476190476
4,2,630.6958174904943,436.8250950570342
4,3,628.5,434.6209677419355
4,4,627.056768558952,433.67248908296943
4,5,626.3755656108598,433.10407239819006
4,6,625.7669491525423,431.27966101694915
4,7,625.0929203539823,432.11504424778764
4,8,624.8949579831933,431.37394957983196
4,9,625.6981818181819,429.02181818181816
4,10,625.0170648464164,426.44368600682594
4,11,625.7745098039215,424.5065359477124
4,12,626.473076923077,422.8192307692308
4,13,628.1416666666667,422.5375
4,14,627.5330739299611,421.92996108949416
4,15,628.3445692883895,421.250936329588
4,16,629.9185667752442,417.7687296416938
4,17,631.0095846645368,415.14696485623006
4,18,632.1056105610561,415.8976897689769
4,19,634.8636363636364,412.8538961038961
4,20,635.9154929577464,412.35915492957747
4,21,636.8501742160279,410.8501742160279
4,22,638.6595744680851,410.3404255319149
4,23,639.8280701754386,408.7894736842105
4,24,640.4048442906575,407.8166089965398
4,25,640.4338983050848,407.1966101694915
4,26,640.8666666666667,406.1066666666667
4,27,640.8637992831541,405.75985663082434
4,28,641.081081081081,404.7567567567568
4,29,642.4591836734694,404.234693877551
4,30,643.3805031446541,403.4937106918239
4,31,646.3381502890173,402.5
4,32,650.5474254742547,401.0189701897019
4,33,653.830985915493,399.8957746478873
4,34,655.7011173184358,402.52513966480444
4,35,662.0490797546013,405.73312883435585
4,36,665.5652173913044,407.0231884057971
4,37,669.7264957264957,407.02279202279203
4,38,672.9872204472844,407.6805111821086
4,39,674.2696245733788,408.03754266211604
4,40,676.1284722222222,408.4895833333333
4,41,677.9664634146342,407.5182926829268
4,42,676.4847328244275,408.00763358778624
4,43,676.4166666666666,407.0657894736842
4,44,688.2493074792244,405.6703601108033
4,45,694.6831955922866,406.2121212121212
4,46,699.1722054380665,407.55891238670694
4,47,700.090625,407.009375
4,48,701.46875,408.928125
4,49,706.2479784366577,407.366576819407
4,50,710.4748743718593,403.1934673366834
4,51,715.9298245614035,396.91979949874684
4,52,723.35,388.275
4,53,725.2155172413793,386.2212643678161
4,54,725.1038575667656,384.7181008902077
4,55,726.2278106508876,383.7248520710059
4,56,724.9914772727273,380.5511363636364
4,57,724.0777479892762,379.6809651474531
4,58,724.0501319261214,377.6200527704485
4,59,725.4931129476583,374.60881542699724
4,60,724.7585301837271,373.3963254593176
4,61,722.0700808625337,372.35040431266845
4,62,721.5431472081218,375.98730964467006
4,63,724.151282051282,382.91282051282053
4,64,720.9331550802139,389.3529411764706
4,65,717.1937984496124,398.20671834625324
4,66,707.9168831168831,406.07012987012985
4,67,702.0833333333334,410.24444444444447
4,68,698.6611111111112,411.06666666666666
4,69,696.3092485549133,411.45375722543355
4,70,690.7590361445783,410.9759036144578
4,71,684.2295081967213,412.4016393442623
4,72,680.3254437869823,410.2544378698225
4,73,679.7683284457478,405.86803519061584
4,74,676.9154929577464,402.7211267605634
4,75,668.8027397260274,403.1972602739726
4,76,659.1205128205128,402.3179487179487
4,77,650.0618556701031,403.83762886597935
4,78,645.9472295514512,404.44591029023746
4,79,644.6910569105692,404.7831978319783
4,80,642.9154518950437,403.63556851311955
4,81,640.28025477707,402.7611464968153
4,82,637.8953068592058,403.2129963898917
4,83,637.0166112956811,403.42524916943523
4,84,634.9965870307167,404.51194539249144
4,85,632.3707482993198,405.66326530612247
4,86,627.5479041916168,406.9311377245509
4,87,622.1746987951807,408.7469879518072
4,88,615.3483870967742,409.1483870967742
4,89,612.0,409.56307692307695
4,90,611.5190311418685,411.48096885813146
4,91,607.7967213114754,416.9836065573771
4,92,602.4026402640264,424.85478547854785
4,93,600.8271186440678,429.3593220338983
4,94,596.0571428571428,435.2392857142857
4,95,591.7979797979798,440.010101010101
4,96,592.9506172839506,446.179012345679
4,97,592.8838709677419,450.6161290322581
4,98,595.7878787878788,452.38047138047136
4,99,597.5098684210526,455.1875
4,100,605.3038674033149,457.4475138121547
4,101,615.1205882352941,461.4794117647059
4,102,619.4966887417219,466.1920529801325
4,103,622.2694805194806,466.6461038961039
4,104,625.2323232323232,462.7542087542088
4,105,628.7637540453075,459.41747572815535
4,106,635.5435435435436,457.74474474474476
4,107,641.1510067114094,459.6409395973154
4,108,645.9201388888889,458.19097222222223
4,109,649.0144404332129,456.01083032490976
4,110,657.2142857142857,454.15714285714284
4,111,663.1873198847262,457.3256484149856
4,112,671.2732919254659,466.0031055900621
4,113,677.724795640327,473.76294277929156
4,114,678.6931818181819,477.76420454545456
4,115,681.1619537275064,483.0745501285347
4,116,679.0576131687243,485.6460905349794
4,117,685.6487935656836,481.4289544235925
4,118,689.3511235955057,479.6207865168539
4,119,698.5377643504531,482.63746223564954
4,120,705.4138972809668,490.65558912386706
5,0,47.91056910569106,486.9146341463415
5,1,48.016460905349795,487.65843621399176
5,2,47.93061224489796,487.42448979591836
5,3,48.31983805668016,487.58704453441294
5,4,48.38709677419355,487.93951612903226
5,5,49.71764705882353,491.5764705882353
5,6,50.34944237918216,494.13011152416357
5,7,50.90070921985816,498.57092198581563
5,8,51.81071428571428,503.3107142857143
5,9,53.647887323943664,508.11971830985914
5,10,58.9812030075188,512.5902255639098
5,11,62.496212121212125,516.0378787878788
5,12,65.65503875968992,518.5852713178294
5,13,67.65322580645162,519.5282258064516
5,14,67.54724409448819,520.2913385826772
5,15,74.07786885245902,526.4180327868852
5,16,75.15481171548117,527.3347280334729
5,17,73.63934426229508,527.2213114754098
5,18,76.32098765432099,528.9506172839506
5,19,75.83181818181818,528.9
5,20,76.71698113207547,530.4764150943396
5,21,78.47787610619469,533.29203539823
5,22,82.42543859649123,537.8684210526316
6,0,305.12460063897765,539.0383386581469
6,1,313.2647058823529,538.5382352941176
6,2,325.78885630498536,538.6598240469208
6,3,329.18305084745765,540.3864406779661
6,4,334.2129963898917,541.7039711191336
6,5,334.84363636363634,542.3272727272728
6,6,334.0608365019011,542.4372623574144
6,7,334.56846473029043,542.9336099585062
6,8,338.87012987012986,543.4632034632035
6,9,345.9166666666667,546.5905797101449
6,10,358.5956678700361,548.4548736462094
6,11,373.5955734406439,554.9859154929577
6,12,362.48854961832063,550.2595419847328
6,13,363.488,550.612
6,14,364.37007874015745,550.4330708661417
6,15,375.28045977011493,556.8252873563218
6,16,379.15968586387436,559.6884816753927
6,17,379.52815013404825,560.6219839142091
6,18,380.57602339181284,561.8070175438596
6,19,382.8079470198675,565.0331125827814
6,20,384.72615384615386,566.4030769230769
6,21,386.601108033241,567.1717451523546
6,22,388.74083769633506,567.434554973822
6,23,391.9106753812636,568.8540305010894
6,24,382.4580152671756,572.9732824427481
6,25,380.59191176470586,573.75
6,26,380.8233215547703,575.6289752650176
6,27,379.2105263157895,578.8666666666667
6,28,378.1501831501831,580.3626373626373
6,29,375.34322033898303,582.3177966101695
6,30,371.68398268398266,583.0432900432901
6,31,371.18260869565216,583.2608695652174
6,32,369.570796460177,583.8407079646017
6,33,370.2809523809524,584.1047619047619
6,34,369.0818965517241,585.375
6,35,369.05202312138726,583.6184971098265
6,36,367.33079847908743,589.1977186311788
6,37,367.41509433962267,590.5849056603773
6,38,366.59765625,593.51171875
6,39,366.5683760683761,595.4316239316239
6,40,366.7767857142857,598.1696428571429
6,41,366.7042253521127,599.2816901408451
6,42,366.2190476190476,599.7190476190476
6,43,366.6847290640394,600.3743842364532
6,44,366.9574468085106,599.9840425531914
6,45,367.327868852459,599.5081967213115
6,46,361.3741176470588,607.3411764705883
6,47,363.38516746411483,607.0311004784689
6,48,370.7627906976744,597.0372093023256
6,49,372.0414937759336,596.7676348547718
6,50,372.28512396694214,596.6900826446281
6,51,373.16104868913857,595.4906367041199
6,52,378.66906474820144,593.7374100719425
6,53,385.6535087719298,593.0350877192982
6,54,386.63786008230454,593.5761316872428
6,55,386.86382978723407,595.4297872340426
6,56,389.0411522633745,596.925925925926
6,57,389.61038961038963,597.9004329004329
6,58,389.8820754716981,598.0188679245283
6,59,392.828125,599.29296875
6,60,394.464,600.248
6,61,395.9730769230769,602.6769230769231
6,62,397.797520661157,605.8677685950413
6,63,398.40416666666664,607.2041666666667
6,64,396.8996282527881,608.2750929368029
6,65,394.52280701754387,608.259649122807
6,66,392.2701754385965,609.0666666666667
6,67,392.322695035461,609.3652482269504
6,68,390.1056338028169,607.9859154929577
6,69,387.3460076045627,608.3346007604563
6,70,386.40384615384613,608.3538461538461
6,71,386.6569037656904,608.5062761506276
6,72,386.0378151260504,608.6302521008404
6,73,385.79583333333335,609.0041666666667
6,74,386.1476793248945,608.8059071729958
6,75,384.5515873015873,607.6468253968254
6,76,383.8371212121212,607.405303030303
6,77,386.0625,609.0267857142857
6,78,387.09417040358744,608.5156950672646
6,79,388.5061728395062,608.4279835390946
6,80,390.60915492957747,610.0669014084507
6,81,392.9268292682927,612.5435540069686
6,82,395.86301369863014,616.7842465753424
6,83,396.7185185185185,617.3629629629629
6,84,397.34362934362935,616.8571428571429
6,85,400.04285714285714,620.0
6,86,402.15909090909093,621.8636363636364
6,87,405.1714285714286,624.3428571428572
6,88,409.86872586872585,625.0
6,89,415.9179810725552,625.1198738170347
6,90,421.78274760383385,624.44089456869
6,91,422.05263157894734,619.1282894736842
6,92,426.3491525423729,618.2135593220339
6,93,429.86545454545455,617.6618181818181
6,94,431.1831501831502,618.4798534798534
6,95,433.8175438596491,621.838596491228
6,96,437.831541218638,624.5376344086021
6,97,443.5928338762215,628.2768729641693
6,98,446.1129568106312,629.8039867109635
6,99,445.4192634560907,636.1699716713881
6,100,448.43243243243245,646.9324324324324
6,101,451.29430379746833,653.6550632911392
6,102,455.61011904761904,657.3660714285714
6,103,458.49006622516555,665.5132450331126
6,104,458.5164179104478,670.0865671641791
6,105,461.9866220735786,675.5317725752508
6,106,465.0926640926641,679.034749034749
6,107,465.08304498269894,682.6020761245675
6,108,467.0732600732601,684.5128205128206
6,109,468.09765625,689.7265625
6,110,471.2551724137931,696.9827586206897
6,111,476.76655052264806,707.6933797909408
6,112,479.6271186440678,715.3118644067797
6,113,483.62091503267976,719.4183006535948
6,114,487.59856630824373,717.0609318996416
6,115,493.2763157894737,716.375
6,116,497.791277258567,714.5109034267913
6,117,504.28619528619527,713.3939393939394
6,118,506.4717607973422,713.9235880398671
6,119,506.20805369127515,709.2214765100671
6,120,507.1639871382637,698.6913183279743
7,0,244.5909090909091,544.5151515151515
7,1,245.78512396694214,543.9338842975206
7,2,246.2049689440994,543.416149068323
7,3,246.31210191082803,543.4394904458599
7,4,247.8951048951049,542.4895104895105
7,5,250.74,542.0866666666667
7,6,251.58227848101265,541.7784810126582
7,7,251.6265060240964,541.7469879518072
7,8,250.6273291925466,541.9565217391304
7,9,251.93548387096774,543.010752688172
7,10,256.04458598726114,544.2101910828026
7,11,257.27777777777777,545.2388888888889
7,12,259.6835443037975,547.0822784810126
7,13,261.1165644171779,547.9263803680982
7,14,259.8848484848485,548.769696969697
7,15,260.8364779874214,550.3647798742138
7,16,260.6125,550.3375
7,17,260.2156862745098,550.3856209150326
7,18,260.5133333333333,550.22
7,19,261.0880503144654,548.8553459119497
7,20,261.9627329192547,548.2857142857143
7,21,260.421768707483,549.530612244898
7,22,260.5738636363636,548.5795454545455
7,23,262.67857142857144,545.9642857142857
7,24,266.1594827586207,543.2456896551724
7,25,266.04661016949154,543.042372881356
7,26,268.27838827838826,543.4981684981685
7,27,271.3852140077821,541.6653696498055
7,28,276.72,539.684
7,29,277.5726141078838,538.9958506224067
7,30,276.91153846153844,539.4307692307692
7,31,276.91570881226056,541.8888888888889
7,32,278.53777777777776,545.1822222222222
7,33,276.8053097345133,545.6106194690266
7,34,278.1011673151751,547.1867704280156
7,35,277.1880341880342,545.6880341880342
7,36,276.5877192982456,546.311403508772
7,37,274.7268907563025,546.7352941176471
7,38,269.98850574712645,545.9693486590038
7,39,266.1848739495798,546.3277310924369
7,40,266.9704641350211,546.4852320675105
7,41,266.05555555555554,546.3034188034188
7,42,266.1923076923077,546.2948717948718
7,43,265.1666666666667,545.8455284552846
7,44,266.16,546.5422222222222
7,45,267.12301587301585,546.9444444444445
7,46,270.71875,547.40234375
7,47,273.75686274509803,548.1137254901961
7,48,274.5230125523013,548.7280334728033
7,49,272.70512820512823,549.4529914529915
7,50,272.4144144144144,548.5135135135135
7,51,270.0742574257426,548.039603960396
7,52,269.840206185567,547.8247422680413
7,53,270.4131455399061,547.8544600938967
7,54,272.9792531120332,547.9087136929461
7,55,278.39080459770116,547.727969348659
7,56,280.8,547.792
7,57,280.11297071129707,548.0836820083682
7,58,279.6818181818182,548.0743801652893
7,59,281.4139344262295,548.2172131147541
7,60,281.6341463414634,548.3252032520326
7,61,279.7448559670782,548.3292181069959
7,62,279.06302521008405,548.5336134453781
7,63,277.84415584415586,548.4069264069265
7,64,274.9246231155779,548.1457286432161
7,65,274.90449438202245,548.4157303370787
7,66,275.46560846560845,548.8624338624338
7,67,277.09589041095893,548.0593607305937
7,68,280.1285140562249,547.5180722891566
7,69,276.72596153846155,548.4855769230769
7,70,275.465,549.11
7,71,277.3663793103448,551.1163793103449
7,72,277.9594594594595,551.5
7,73,277.56542056074767,551.5420560747664
7,74,277.6608695652174,552.6434782608695
7,75,277.8311111111111,552.6755555555555
7,76,279.7894736842105,554.8825910931174
7,77,282.6099585062241,557.311203319502
7,78,290.4959349593496,560.2560975609756
7,79,293.6869918699187,561.7032520325204
7,80,294.57383966244726,562.8059071729958
7,81,298.47115384615387,564.5192307692307
7,82,301.42364532019707,564.6748768472906
7,83,305.64658634538154,561.144578313253
7,84,308.65441176470586,559.2573529411765
7,85,307.1111111111111,559.5811965811965
7,86,314.81467181467184,558.8416988416989
7,87,323.3181818181818,558.75
7,88,330.23571428571427,557.0535714285714
7,89,334.95075757575756,558.0227272727273
7,90,339.084,559.112
7,91,343.9549180327869,560.188524590164
7,92,350.20171673819743,563.068669527897
7,93,352.7903225806452,566.116935483871
7,94,355.2716049382716,570.3991769547325
7,95,358.00943396226415,571.438679245283
7,96,359.07943925233644,573.4392523364486
7,97,360.64976958525347,573.63133640553
7,98,364.69302325581396,572.1767441860466
7,99,365.21719457013575,572.710407239819
7,100,369.5427135678392,575.8994974874372
7,101,373.33181818181816,578.0909090909091
7,102,379.84549356223175,578.8669527896996
7,103,384.9162790697674,578.9348837209302
7,104,393.6145833333333,580.9583333333334
7,105,398.48,581.83
7,106,399.80257510729615,579.5536480686695
7,107,403.8133971291866,577.7272727272727
7,108,409.56387665198235,577.4757709251102
7,109,414.7514450867052,581.1849710982659
7,110,418.4041450777202,584.0310880829015
7,111,420.50847457627117,586.8644067796611
7,112,424.8629441624365,594.5025380710659
7,113,426.8110599078341,596.4654377880184
7,114,431.78205128205127,601.1025641025641
7,115,435.1693548387097,606.3225806451613
7,116,436.0040816326531,610.6571428571428
7,117,441.091743119266,610.7477064220184
7,118,446.6289592760181,615.1447963800905
7,119,451.17410714285717,617.0758928571429
7,120,457.44102564102565,620.7846153846153
8,0,494.80474934036937,550.2744063324539
8,1,496.10539845758353,550.4884318766067
8,2,496.6159793814433,552.0051546391752
8,3,495.84109589041094,555.1972602739726
8,4,497.3834808259587,559.637168141593
8,5,497.46200607902733,559.9878419452888
8,6,497.74918566775244,560.1237785016286
8,7,497.7027972027972,563.0944055944055
8,8,499.2140350877193,564.2701754385965
8,9,503.15204678362574,567.4795321637426
8,10,502.12264150943395,569.2767295597484
8,11,501.76119402985074,571.0477611940298
8,12,502.2006472491909,570.0582524271845
8,13,503.2006688963211,569.6722408026756
8,14,502.42138364779873,570.069182389937
8,15,504.9025974025974,569.5974025974026
8,16,504.46488294314383,569.6989966555184
8,17,504.7684563758389,569.5771812080537
8,18,508.32738095238096,571.2827380952381
8,19,514.1820987654321,573.8395061728395
8,20,512.6452702702703,572.5067567567568
8,21,512.8021582733813,571.9172661870504
8,22,515.1762820512821,574.1282051282051
8,23,515.9,574.4741935483871
8,24,515.5086505190311,574.0207612456747
8,25,516.8200692041522,573.2249134948097
8,26,519.3265895953757,571.8294797687861
8,27,524.0388059701493,575.4358208955224
8,28,525.4145569620254,575.9335443037975
8,29,526.9179331306991,576.8176291793313
8,30,534.0504807692307,580.1129807692307
8,31,543.6596194503171,583.5940803382664
8,32,547.5849462365592,585.1784946236559
8,33,556.792531120332,581.3423236514523
8,34,568.9126016260162,577.4715447154472
8,35,575.1728665207877,575.9321663019693
8,36,578.6128364389234,575.2215320910973
8,37,584.6918103448276,574.8685344827586
8,38,586.808962264151,577.6415094339623
8,39,593.5240793201133,582.7762039660057
8,40,598.0790273556231,585.951367781155
8,41,601.4251336898395,584.4224598930481
8,42,608.2816091954023,581.7672413793103
8,43,612.6180758017492,579.2798833819242
8,44,614.6086956521739,575.3850931677018
8,45,615.4378531073446,571.7542372881356
8,46,616.8833922261484,574.1590106007067
8,47,618.9734219269103,574.6511627906976
8,48,623.3054054054054,577.2297297297297
8,49,629.478813559322,577.9131355932203
8,50,636.632860040568,576.4421906693711
8,51,648.0952380952381,577.3333333333334
8,52,650.5242105263158,585.2084210526316
8,53,661.2424892703863,590.804721030043
8,54,668.3971291866029,590.066985645933
8,55,679.9217758985201,589.968287526427
8,56,690.740174672489,592.6200873362445
8,57,701.210407239819,596.7986425339367
8,58,711.1282608695652,597.9391304347826
8,59,725.7458033573141,600.5083932853717
8,60,733.4010025062656,602.7694235588972
8,61,739.240990990991,605.1711711711712
8,62,746.365010799136,608.5809935205184
8,63,754.9108695652174,602.8478260869565
8,64,764.0864197530864,600.5333333333333
8,65,771.6846846846847,604.1891891891892
8,66,784.3452914798206,609.3878923766816
8,67,787.4978991596639,616.296218487395
8,68,781.917225950783,621.9284116331096
8,69,778.085,626.365
8,70,773.4908256880734,633.1146788990826
8,71,774.8574423480084,636.1551362683438
8,72,778.793023255814,639.4837209302326
8,73,782.1148325358852,648.1315789473684
8,74,789.0764331210191,653.3566878980891
8,75,794.7733887733888,657.1975051975052
8,76,797.9764957264957,659.8995726495726
8,77,800.0406698564593,663.6913875598086
8,78,806.2164383561644,670.1260273972603
8,79,807.7349726775956,674.3360655737705
8,80,808.0030959752322,677.3715170278638
8,81,807.8802588996764,677.4919093851132
8,82,807.8720538720539,679.2996632996633
8,83,806.6794871794872,679.2051282051282
8,84,806.6020408163265,680.2176870748299
8,85,806.7465753424658,680.0410958904109
8,86,805.773851590106,679.3816254416961
8,87,805.8188679245283,679.5849056603773
8,88,805.8676470588235,679.9779411764706
8,89,806.7912457912458,679.5050505050505
8,90,807.9211356466877,679.2807570977918
8,91,808.6306620209059,678.7247386759582
8,92,807.4275862068965,677.7172413793104
8,93,806.7381818181818,678.7309090909091
8,94,807.0727272727273,678.7272727272727
8,95,805.9272727272727,679.5454545454545
8,96,804.8595317725752,680.2809364548496
8,97,806.2147651006711,683.6778523489933
8,98,804.75,687.7412790697674
8,99,803.5988857938719,689.9610027855153
8,100,803.8053097345132,688.52802359882
8,101,804.1222570532915,685.564263322884
8,102,802.9204545454545,681.3267045454545
8,103,804.1346153846154,677.4835164835165
8,104,805.577922077922,680.6201298701299
8,105,805.3282442748092,683.5916030534352
8,106,804.3333333333334,682.0383480825959
8,107,805.0585365853658,684.8853658536585
8,108,800.6657824933687,697.3129973474801
8,109,798.2962962962963,703.7345679012345
8,110,794.4318181818181,705.3434343434343
8,111,797.7463126843658,703.3569321533923
8,112,798.099358974359,703.4839743589744
8,113,798.3629629629629,704.8851851851852
8,114,798.0738007380074,706.0922509225093
8,115,798.5907473309609,705.6476868327402
8,116,798.9166666666666,703.2222222222222
8,117,798.8909090909091,703.7818181818182
8,118,789.4358208955224,706.9865671641791
8,119,800.2657894736842,697.6263157894737
8,120,797.5,706.0574324324324
9,0,125.35438596491228,558.2105263157895
9,1,123.30491803278689,557.5377049180328
9,2,124.5506329113924,558.0316455696203
9,3,124.11409395973155,557.9463087248322
9,4,120.80718954248366,557.4509803921569
9,5,118.13268608414239,557.5857605177994
9,6,119.43115942028986,557.7173913043479
9,7,120.9776119402985,557.820895522388
9,8,121.55369127516778,557.2684563758389
9,9,118.92880258899676,557.9546925566343
9,10,119.89530685920577,557.4801444043321
9,11,119.39518900343643,556.8591065292096
9,12,120.89928057553956,557.2482014388489
9,13,121.23103448275862,557.0827586206897
9,14,119.11217948717949,556.4423076923077
9,15,125.84246575342466,556.486301369863
9,16,129.03809523809525,557.3936507936507
9,17,127.0242214532872,556.9031141868512
9,18,126.11186440677966,556.5728813559322
9,19,122.859477124183,555.6339869281046
9,20,121.65517241379311,555.4796238244514
9,21,123.34662576687117,555.739263803681
9,22,125.66360856269114,555.3058103975535
9,23,112.20631970260223,551.8884758364312
9,24,117.54240631163708,553.6844181459566
9,25,120.83435582822086,554.3169734151329
9,26,118.412109375,554.22265625
9,27,121.71702127659574,554.4638297872341
9,28,124.64859002169197,554.6420824295011
9,29,126.96145124716553,554.9773242630386
9,30,127.69655172413793,555.528735632184
9,31,130.31756756756758,555.8761261261261
9,32,134.204280155642,556.1731517509728
9,33,138.34406779661018,556.4677966101694
9,34,140.9206349206349,556.9111111111112
9,35,124.9971590909091,554.7528409090909
9,36,125.1638418079096,554.5056497175141
9,37,124.933908045977,554.433908045977
9,38,125.23076923076923,554.2564102564103
9,39,125.01123595505618,554.2162921348314
9,40,123.49162011173185,554.1480446927375
9,41,122.64432989690722,554.1494845360825
9,42,122.40883977900552,554.1878453038674
9,43,123.4366576819407,554.0053908355795
9,44,123.84210526315789,554.0415512465374
9,45,123.96551724137932,554.0503978779841
9,46,122.97112860892389,553.9317585301837
9,47,122.54871794871795,554.0410256410256
9,48,123.66915422885572,554.1243781094528
9,49,123.85539215686275,554.3578431372549
9,50,123.68734491315136,554.2928039702233
9,51,124.09813084112149,554.4626168224299
9,52,125.85150812064965,554.524361948956
9,53,125.92840095465394,554.472553699284
9,54,126.1679012345679,554.4518518518519
9,55,125.62155388471177,554.5288220551379
9,56,123.22110552763819,554.2587939698492
9,57,122.68126520681265,554.2238442822385
9,58,123.23341523341523,554.0933660933661
9,59,122.7892030848329,554.1311053984576
9,60,122.39603960396039,553.8960396039604
9,61,120.32762836185819,553.2738386308068
9,62,120.18905472636816,553.2611940298508
9,63,120.72544080604534,553.6120906801008
9,64,121.2620320855615,554.0026737967914
9,65,121.54522613065326,554.6005025125628
9,66,119.52195121951219,553.7658536585366
9,67,116.91943127962085,552.8317535545024
9,68,118.2825,553.1175
9,69,120.00936768149883,553.0889929742389
9,70,118.75,552.8119266055046
9,71,119.50847457627118,553.0774818401937
9,72,127.68069306930693,554.3613861386139
9,73,131.84340044742729,554.7024608501118
9,74,132.2941176470588,554.8914027149322
9,75,130.74580335731414,554.5587529976019
9,76,130.76155717761557,554.7980535279805
9,77,131.47630331753555,554.8507109004739
9,78,131.8957345971564,554.888625592417
9,79,133.92134831460675,555.1168539325843
9,80,133.28045977011493,555.080459770115
9,81,135.08823529411765,555.1742081447964
9,82,135.22072072072072,555.2387387387388
9,83,125.14782608695653,554.231884057971
9,84,132.05140186915887,554.8528037383178
9,85,131.18795180722893,554.8722891566265
9,86,131.3242574257426,554.8663366336634
9,87,131.095,554.83
9,88,131.40441176470588,554.8946078431372
9,89,133.21445221445222,554.97668997669
9,90,132.22850122850122,555.002457002457
9,91,131.09302325581396,554.8320413436693
9,92,128.3,554.6277777777777
9,93,127.96581196581197,554.4928774928775
9,94,125.44179894179894,554.031746031746
9,95,126.88184438040346,554.3227665706052
9,96,127.09144542772862,554.4247787610619
9,97,126.3780487804878,554.3018292682926
9,98,125.87423312883436,554.0460122699386
9,99,128.91032608695653,554.3994565217391
9,100,133.47549019607843,554.9632352941177
9,101,133.64141414141415,555.0580808080808
9,102,134.5475,555.06
9,103,133.42048517520215,555.0377358490566
9,104,132.95652173913044,554.8559782608696
9,105,138.06823529411764,555.2729411764706
9,106,140.368909512761,556.0162412993039
9,107,148.9309523809524,556.9071428571428
9,108,155.22513089005236,557.9450261780105
9,109,155.69845360824743,558.4329896907217
9,110,157.015503875969,558.0956072351421
9,111,160.97560975609755,557.5582655826558
9,112,163.94005449591282,558.3487738419618
9,113,166.9688473520249,559.7788161993769
9,114,167.1037527593819,567.6931567328918
9,115,168.5860465116279,568.5279069767441
9,116,167.23866348448686,569.0262529832936
9,117,172.16666666666666,569.316091954023
9,118,174.083850931677,571.5527950310559
9,119,176.07967032967034,574.3873626373627
9,120,178.3537234042553,575.2712765957447
10,0,45.146268656716416,561.1074626865671
10,1,44.905325443786985,561.1065088757397
10,2,44.75811209439528,561.2979351032449
10,3,45.11309523809524,561.2083333333334
10,4,45.151057401812686,561.2477341389728
10,5,45.21230769230769,561.4215384615385
10,6,45.353846153846156,561.7107692307692
10,7,45.348348348348345,561.7147147147147
10,8,44.945454545454545,561.8424242424243
10,9,44.694117647058825,562.3117647058823
10,10,47.12202380952381,561.7261904761905
10,11,47.517857142857146,561.9702380952381
10,12,49.77170418006431,561.4630225080385
10,13,55.551886792452834,560.3867924528302
10,14,57.486301369863014,558.5616438356165
11,0,239.78472222222223,558.7569444444445
11,1,236.51685393258427,558.9101123595506
11,2,235.5027624309392,558.8563535911602
11,3,234.93370165745856,558.8950276243094
11,4,234.24861878453038,558.5248618784531
11,5,233.66304347826087,558.7336956521739
11,6,233.13903743315507,558.9732620320856
11,7,232.83783783783784,559.0648648648648
11,8,232.36111111111111,558.7
11,9,231.63302752293578,559.1192660550458
11,10,231.80373831775702,558.0233644859813
11,11,230.4170403587444,558.2062780269058
11,12,229.15384615384616,557.965811965812
11,13,229.65777777777777,557.9733333333334
11,14,227.03361344537817,557.7268907563025
11,15,226.10878661087867,557.5774058577406
11,16,225.98283261802575,557.1888412017167
11,17,225.91928251121075,557.067264573991
11,18,225.66367713004485,556.6322869955156
11,19,223.92957746478874,556.6056338028169
11,20,220.96929824561403,556.5219298245614
11,21,219.94570135746605,556.1855203619909
11,22,220.18957345971563,556.0947867298578
11,23,217.4976076555024,555.5837320574162
11,24,215.4306220095694,555.1578947368421
11,25,214.11739130434782,555.0869565217391
11,26,212.81632653061226,555.0040816326531
11,27,212.08860759493672,555.0
11,28,211.5744680851064,555.2382978723405
11,29,211.1271186440678,555.3728813559322
11,30,211.72764227642276,555.3414634146342
11,31,212.3012048192771,555.285140562249
11,32,212.0873015873016,555.1706349206349
11,33,211.39574468085107,555.1106382978724
11,34,210.26829268292684,555.109756097561
11,35,210.0418410041841,555.1589958158996
11,36,210.09504132231405,555.103305785124
11,37,210.716,555.204
11,38,212.16334661354583,554.9243027888447
11,39,211.97033898305085,554.8220338983051
11,40,213.36595744680852,554.663829787234
11,41,214.48547717842322,554.5892116182573
11,42,215.61061946902655,554.6017699115044
11,43,216.62053571428572,554.5
11,44,216.60352422907488,554.7092511013216
11,45,216.96536796536796,554.4848484848485
11,46,215.73008849557522,554.5752212389381
11,47,214.84913793103448,554.6034482758621
11,48,215.16600790513834,554.4150197628459
11,49,215.54014598540147,554.8248175182482
11,50,214.7537313432836,554.5970149253732
11,51,213.9280303030303,554.5075757575758
11,52,212.65637065637065,554.3474903474903
11,53,212.19834710743802,554.2272727272727
11,54,211.65938864628822,554.2620087336245
11,55,211.54724409448818,554.5275590551181
11,56,210.3921568627451,554.8117647058823
11,57,209.84,554.552
11,58,208.40077821011673,554.4007782101168
11,59,208.3764705882353,554.4549019607844
11,60,207.16849816849816,554.6153846153846
11,61,206.16535433070865,554.5826771653543
11,62,205.24354243542436,554.6863468634687
11,63,205.17218543046357,554.5860927152318
11,64,206.48888888888888,554.5925925925926
11,65,209.48771929824562,554.4947368421052
11,66,213.355871886121,554.2811387900356
11,67,218.52895752895753,554.2702702702703
11,68,223.289156626506,554.5261044176707
11,69,225.327868852459,555.172131147541
11,70,227.8178137651822,555.4493927125507
11,71,226.65833333333333,555.1333333333333
11,72,227.66086956521738,555.2173913043479
11,73,229.75330396475772,555.5859030837005
11,74,230.337899543379,555.917808219178
11,75,232.0242718446602,556.8689320388349
11,76,235.62011173184356,558.2960893854748
11,77,235.2020725388601,558.0
11,78,236.18316831683168,558.1534653465346
11,79,238.6355140186916,558.3504672897196
11,80,242.93303571428572,557.9955357142857
11,81,248.06046511627906,558.0837209302325
11,82,251.265,558.48
11,83,252.57920792079207,558.5742574257425
11,84,255.29775280898878,558.4101123595506
11,85,255.03825136612022,559.0327868852459
11,86,254.505,559.79
11,87,258.3375796178344,558.5987261146497
11,88,261.22340425531917,557.6276595744681
11,89,262.0439024390244,557.6829268292682
11,90,257.00588235294117,559.7176470588236
11,91,255.77966101694915,562.0847457627119
11,92,256.2134831460674,563.876404494382
11,93,255.74358974358975,567.6623931623932
11,94,252.3452380952381,570.5515873015873
11,95,246.61089494163423,571.7976653696498
11,96,242.84297520661158,572.2809917355372
11,97,238.64377682403435,572.7596566523605
11,98,235.8995983935743,573.3453815261045
11,99,235.25619834710744,573.3264462809917
11,100,234.28571428571428,573.534693877551
11,101,232.79365079365078,574.7261904761905
11,102,231.95703125,574.5859375
11,103,230.28625954198472,574.4770992366413
11,104,226.70943396226414,574.5735849056604
11,105,223.07142857142858,575.8984962406015
11,106,224.890625,578.2734375
11,107,224.40182648401827,581.8036529680365
11,108,226.30379746835442,586.7510548523206
11,109,226.69957081545064,589.3776824034335
11,110,227.952,593.092
11,111,228.77339901477833,593.2906403940887
11,112,232.44670050761422,596.2385786802031
11,113,236.21212121212122,601.3282828282828
11,114,239.69035532994923,605.1522842639594
11,115,243.66820276497697,606.5622119815669
11,116,249.32110091743118,611.0642201834862
11,117,253.3711790393013,614.9694323144105
11,118,259.3497942386831,617.0946502057614
11,119,265.4110671936759,618.7588932806324
11,120,272.3022222222222,623.3644444444444
12,0,401.765,565.5
12,1,401.4114583333333,564.8854166666666
12,2,401.30731707317074,564.5756097560976
12,3,400.7715736040609,564.248730964467
12,4,399.29473684210524,563.2789473684211
12,5,397.0736842105263,561.3894736842105
12,6,394.43457943925233,561.088785046729
12,7,392.9026548672566,560.8274336283185
12,8,391.43859649122805,560.7938596491229
12,9,390.15416666666664,561.1208333333333
12,10,389.7489539748954,560.5523012552301
12,12,387.5353535353535,561.6666666666666
12,13,386.9608938547486,562.1508379888268
12,14,384.2710843373494,562.9518072289156
13,0,352.1653846153846,577.376923076923
13,1,352.280487804878,576.9349593495934
13,2,353.1626016260163,577.5081300813008
13,3,353.27710843373495,577.9638554216867
13,4,353.47899159663865,578.1050420168067
13,5,354.3888888888889,576.9722222222222
13,6,355.25435540069685,575.8432055749129
13,7,357.3850931677019,575.639751552795
13,8,360.30434782608694,576.5931677018633
13,9,366.04713804713805,578.4242424242424
13,10,373.42508710801394,579.0278745644599
13,11,376.8109965635739,579.6116838487973
13,12,382.68402777777777,580.8263888888889
13,13,386.48474576271184,581.5830508474576
13,14,390.961937716263,581.3321799307959
13,15,398.47535211267603,582.0633802816901
13,16,405.6409395973154,581.5302013422819
13,17,412.7761194029851,579.420895522388
13,18,417.1333333333333,577.1809523809524
13,19,420.37617554858934,575.9153605015674
13,20,424.03654485049833,574.9435215946844
13,21,427.7043795620438,574.4014598540145
13,22,429.68148148148146,574.4185185185186
13,23,432.5074626865672,577.1343283582089
13,24,435.85,580.1166666666667
13,25,444.38601823708206,585.0334346504559
13,26,449.2772585669782,587.2429906542056
13,27,456.3167701863354,587.4254658385094
13,28,457.3267326732673,586.5214521452145
13,29,460.453074433657,585.3883495145631
13,30,463.70238095238096,583.5029761904761
13,31,468.23823529411766,581.685294117647
13,32,473.4230769230769,575.7087912087912
13,33,477.63953488372096,573.7238372093024
13,34,481.0238805970149,573.9044776119403
13,35,484.3475609756098,571.5365853658536
13,36,486.3922155688623,572.5359281437126
13,37,492.25698324022346,572.8463687150838
13,38,498.76404494382024,572.9662921348314
13,39,502.05882352941177,572.9495798319327
13,40,506.6011730205279,571.5630498533725
13,41,509.22067039106145,572.427374301676
13,42,515.8100263852243,574.2796833773087
13,43,520.472972972973,572.0486486486486
13,44,521.4040697674419,572.4505813953489
13,45,522.8651685393259,572.120786516854
13,46,525.4608150470219,573.5297805642633
13,47,529.453125,573.55625
13,48,535.7222222222222,576.9135802469136
13,49,540.0332409972299,580.0692520775623
13,50,545.406015037594,581.7568922305765
13,51,557.3325301204819,585.4506024096386
13,52,567.2205513784461,587.1127819548872
13,53,574.2190476190476,588.2404761904762
13,54,584.2887828162292,588.945107398568
13,55,590.5042918454935,594.4291845493563
13,56,605.8409090909091,598.4931818181818
13,57,612.4302325581396,607.106976744186
13,58,621.3126843657817,617.2890855457227
13,59,625.2558139534884,624.6046511627907
13,60,630.7259615384615,628.0384615384615
13,61,634.9069767441861,629.4441860465116
13,62,636.4758620689655,629.4
13,63,642.9797570850202,628.9048582995952
13,64,657.5,630.1774193548387
13,65,669.0128479657387,632.3854389721628
13,66,672.6884057971015,640.6521739130435
13,67,683.7897091722596,645.0313199105145
13,68,690.8301486199575,646.9808917197453
13,69,694.5763440860215,646.4365591397849
13,70,706.4297872340426,647.0702127659574
13,71,716.7734553775744,651.183066361556
13,72,724.431330472103,653.4484978540772
13,73,730.7151898734177,662.9831223628692
13,74,732.1846473029045,671.3921161825726
13,75,735.3945720250522,676.9227557411274
13,76,742.5214592274679,683.4914163090128
13,77,748.2371638141809,689.9682151589242
13,78,752.5452322738387,693.0293398533007
13,79,758.2538975501113,696.6080178173719
13,80,765.9832985386221,701.1482254697286
13,81,773.0306345733042,704.6236323851203
13,82,780.1202672605791,708.3385300668151
13,83,784.5452716297787,713.0744466800804
13,84,788.8683035714286,718.2834821428571
13,85,792.574209245742,723.5693430656934
13,86,792.3867276887872,723.0389016018306
13,87,793.8225,723.06
13,88,792.9114583333334,724.1901041666666
13,89,790.5652173913044,729.2311212814645
13,90,789.5434782608696,733.0978260869565
13,91,790.9227272727272,730.4227272727272
13,92,792.0670995670996,732.8982683982684
13,93,791.3632183908046,736.9954022988505
13,94,790.3636363636364,740.8262032085562
13,95,787.5171503957783,745.5857519788918
13,96,785.9459459459459,749.9648648648649
13,97,784.3931888544892,752.1517027863777
13,98,787.0735785953177,749.3511705685619
13,99,789.2492581602373,748.0089020771513
13,100,789.5135869565217,745.8342391304348
13,101,784.2971175166297,746.7272727272727
13,102,781.1875,748.8257575757576
13,103,781.50625,750.41875
13,104,785.0140845070423,751.8380281690141
13,105,784.3994974874372,752.4346733668342
13,106,782.5305164319249,753.1619718309859
13,107,780.3435582822086,754.2269938650306
13,108,778.5159914712153,756.6204690831556
13,109,776.6282828282829,761.7111111111111
13,110,774.8618181818182,765.6618181818181
13,111,773.125939849624,770.4022556390977
13,112,770.8859315589353,775.7509505703422
13,113,770.3292181069959,778.6172839506173
13,114,770.7228381374723,779.8980044345898
13,115,770.8244444444445,780.7822222222222
13,116,769.9814049586777,780.551652892562
13,117,769.062124248497,781.5811623246493
13,118,767.8339768339769,782.2509652509652
13,119,766.4021352313167,782.0907473309609
13,120,765.2637362637363,781.2810047095761
14,0,110.17365269461078,582.2245508982036
14,1,109.189111747851,582.3753581661891
14,2,110.18787878787879,582.6090909090909
14,3,109.91566265060241,582.7138554216867
14,4,109.85329341317366,582.622754491018
14,5,110.43154761904762,582.7321428571429
14,6,110.60383386581469,582.55910543131
14,7,111.97394136807817,582.6123778501628
14,8,112.2327868852459,582.7081967213114
14,9,121.86986301369863,578.7123287671233
14,10,123.24657534246575,578.3835616438356
14,11,123.87012987012987,578.487012987013
14,12,125.98701298701299,577.7532467532468
14,13,128.87058823529412,578.1705882352941
14,14,127.3072625698324,577.1675977653631
14,15,125.64285714285714,576.6845238095239
14,16,124.01935483870967,576.4387096774194
14,17,124.3395061728395,576.5246913580247
14,18,124.98064516129033,576.4387096774194
14,19,124.74375,576.26875
14,20,124.359477124183,576.2418300653595
14,21,123.3202614379085,576.1960784313726
14,22,125.54651162790698,575.8953488372093
14,23,124.82608695652173,575.7826086956521
14,24,123.64331210191082,575.5222929936306
14,25,123.29139072847683,575.3509933774834
14,26,123.5732484076433,575.4267515923567
14,27,122.25324675324676,575.3051948051948
14,28,121.36363636363636,575.0629370629371
14,29,121.56643356643356,574.951048951049
14,30,120.9041095890411,574.8082191780821
14,31,119.04516129032258,575.0516129032258
14,32,118.80625,574.79375
14,33,117.61212121212121,575.3515151515152
14,34,117.62576687116564,575.0552147239264
14,35,118.01282051282051,574.8910256410256
14,36,117.7202380952381,574.7619047619048
14,37,117.69375,574.6
14,38,118.09375,574.65
14,39,118.28313253012048,574.433734939759
14,40,119.95580110497238,574.8397790055249
14,41,122.32631578947368,574.4842105263158
14,42,123.27222222222223,574.4333333333333
14,43,122.06432748538012,574.0116959064327
14,44,121.87428571428572,573.9885714285714
14,45,120.5965909090909,573.8806818181819
14,46,118.77272727272727,573.2727272727273
14,47,108.57692307692308,576.2275641025641
14,48,108.49371069182389,576.1949685534591
14,49,121.44615384615385,574.276923076923
14,50,111.71857923497268,576.3360655737705
14,51,124.37810945273633,574.2537313432836
14,52,125.3798076923077,574.4375
14,53,125.78095238095239,574.5285714285715
14,54,124.078125,573.828125
14,55,122.89583333333333,573.3802083333334
14,56,121.97435897435898,573.4410256410256
14,57,123.14646464646465,573.7878787878788
14,58,121.65079365079364,573.2222222222222
14,59,119.73456790123457,572.5864197530864
14,60,119.53125,572.50625
14,62,120.60714285714286,572.4702380952381
14,63,109.27220630372493,575.4183381088825
14,64,109.87859424920129,575.3290734824282
14,65,110.0282131661442,575.4451410658307
14,66,109.57668711656441,575.420245398773
14,67,109.53823529411764,575.2235294117647
14,68,109.50887573964496,575.207100591716
14,69,109.41194029850746,575.2328358208955
14,70,109.3157894736842,575.1842105263158
14,71,120.47590361445783,572.1385542168674
14,72,120.63975155279503,572.0310559006211
14,73,120.83431952662721,572.1360946745563
14,74,122.16304347826087,572.5
14,75,123.3891891891892,572.6864864864865
14,76,124.57868020304568,573.010152284264
14,77,125.20952380952382,573.5761904761905
14,78,126.62037037037037,574.3564814814815
14,79,127.57990867579909,575.054794520548
14,80,128.01809954751133,575.0723981900453
14,81,127.95555555555555,574.8888888888889
14,82,124.03846153846153,572.7252747252747
14,83,122.74011299435028,572.3050847457627
14,84,121.7235294117647,572.0
14,85,121.78212290502793,572.2569832402235
14,86,122.91666666666667,572.3333333333334
14,87,124.47701149425288,572.4310344827586
14,88,124.98360655737704,572.7704918032787
14,89,126.75,573.7916666666666
14,90,128.5273631840796,573.9800995024875
14,91,128.16585365853658,573.6292682926829
14,92,127.93434343434343,573.3787878787879
14,93,127.60621761658031,573.3212435233161
14,94,128.27941176470588,573.7794117647059
14,95,115.62373737373737,575.2727272727273
14,96,116.2320987654321,575.358024691358
14,97,117.74567901234568,575.320987654321
14,98,117.52530120481927,575.2240963855422
14,99,117.20714285714286,575.3547619047619
14,100,131.94059405940595,574.9108910891089
14,101,132.0854271356784,574.8341708542714
14,102,133.04347826086956,574.743961352657
14,103,119.29285714285714,574.6714285714286
14,104,125.44972067039106,573.891061452514
14,105,125.6565934065934,574.0521978021978
14,106,126.83157894736843,574.0736842105263
14,107,128.55645161290323,574.1424731182796
14,108,130.2357723577236,574.159891598916
14,109,132.792,574.176
14,110,144.75242718446603,576.752427184466
14,111,145.9712918660287,576.4928229665072
14,112,152.23,576.425
14,113,155.92777777777778,576.1222222222223
15,0,159.65938864628822,582.6899563318777
15,1,160.01652892561984,583.1322314049587
15,2,159.2421524663677,582.5201793721973
15,3,157.75247524752476,583.1782178217821
15,4,157.77435897435896,583.4153846153846
15,5,157.04663212435233,583.2538860103627
15,6,157.01507537688443,582.9095477386935
15,7,156.9591836734694,583.219387755102
15,8,154.07359307359306,584.008658008658
15,9,154.06837606837607,584.3418803418804
15,10,157.96984924623115,583.0954773869347
15,11,158.9895287958115,583.1204188481676
15,12,160.83018867924528,583.6132075471698
15,13,161.5072463768116,583.1642512077294
15,14,159.7,582.0181818181818
15,15,158.2479674796748,582.930894308943
15,16,154.92561983471074,583.3677685950413
15,17,157.4669260700389,584.0
15,18,159.95762711864407,583.0296610169491
15,19,162.0040650406504,583.0731707317074
15,20,162.1890756302521,583.1008403361344
15,21,159.5610859728507,582.6153846153846
15,22,157.4245283018868,580.6556603773585
15,23,158.54132231404958,579.8223140495868
15,24,159.12970711297072,580.8117154811715
15,25,160.56106870229007,580.8358778625955
15,26,159.88715953307394,581.8988326848249
15,27,160.0653846153846,581.376923076923
15,28,160.95358649789029,581.5105485232068
15,29,159.87441860465117,581.8883720930232
15,30,161.82805429864254,582.2714932126697
15,31,164.4857142857143,582.9809523809524
15,32,164.20388349514562,583.1213592233009
15,33,166.05418719211823,582.7980295566502
15,34,168.0631067961165,581.8106796116505
15,35,170.1219512195122,580.7317073170732
15,36,172.17567567567568,579.8513513513514
15,37,174.50833333333333,578.4041666666667
15,38,177.0197628458498,577.3162055335969
15,39,181.011583011583,575.2664092664093
15,40,171.25344827586207,570.8396551724138
15,41,186.04861111111111,573.9791666666666
15,42,191.09225092250924,574.5055350553506
15,43,193.70671378091873,576.017667844523
15,44,196.41333333333333,579.0766666666667
15,45,199.875,581.4785714285714
15,46,200.82156133828997,583.1412639405205
15,47,199.398406374502,585.4462151394422
15,48,200.8068181818182,587.905303030303
15,49,201.55084745762713,589.7796610169491
15,50,203.91416309012877,592.1287553648069
15,51,204.99024390243903,593.7463414634146
15,52,206.311004784689,593.5645933014354
15,53,208.06787330316743,594.0633484162896
15,54,209.75984251968504,593.6259842519685
15,55,212.93214285714285,593.6285714285714
15,56,215.28231292517006,592.2823129251701
15,57,221.69883040935673,591.7280701754386
15,58,226.70481927710844,590.6746987951807
15,59,227.59424920127796,590.5047923322684
15,60,228.91233766233765,590.5064935064935
15,61,230.25,590.25
15,62,231.50814332247558,589.8469055374593
15,63,233.24916943521595,588.6112956810631
15,64,236.1858108108108,588.4662162162163
15,65,238.42168674698794,591.7048192771084
15,66,238.590625,591.053125
15,67,239.78839590443687,587.80204778157
15,68,245.6691176470588,588.2095588235294
15,69,247.8576923076923,588.3115384615385
15,70,249.1044776119403,588.1902985074627
15,71,250.15116279069767,588.2131782945736
15,72,250.62173913043478,588.4826086956522
15,73,252.69921875,589.6484375
15,74,253.32209737827716,589.7640449438202
15,75,255.3102189781022,588.3394160583941
15,76,258.13011152416357,591.6914498141264
15,77,259.5673758865248,591.4822695035461
15,78,262.791095890411,591.1061643835617
15,79,265.93602693602696,589.9057239057239
15,80,273.0652173913044,587.3152173913044
15,81,273.0517928286853,586.2709163346614
15,82,273.6419213973799,585.882096069869
15,83,275.1794871794872,584.4102564102565
15,84,278.51428571428573,584.6326530612245
15,85,281.49392712550605,584.4129554655871
15,86,287.8452380952381,584.063492063492
15,87,291.51340996168585,584.6590038314176
15,88,297.7716535433071,584.6968503937007
15,89,299.5647482014389,586.1187050359712
15,90,301.1904761904762,587.1496598639455
15,91,309.5884773662551,590.59670781893
15,92,311.29741379310343,591.2931034482758
15,93,314.6733870967742,590.741935483871
15,94,320.2094861660079,589.4901185770751
15,95,321.38783269961976,590.0456273764258
15,96,324.08429118773944,590.6283524904214
15,97,328.93065693430657,590.1277372262774
15,98,335.22105263157897,589.5263157894736
15,99,337.54285714285714,585.9428571428572
15,100,339.3305439330544,585.0167364016736
15,101,340.6989247311828,583.7849462365591
15,102,346.22556390977445,581.3308270676691
15,103,353.2307692307692,578.9457013574661
15,104,356.7011952191235,578.0478087649402
15,105,361.7083333333333,577.1388888888889
15,106,366.64516129032256,574.7240143369175
15,107,369.91153846153844,574.2576923076923
15,108,372.9036697247706,573.7477064220184
15,109,374.53768844221105,573.3517587939698
15,110,379.11557788944725,573.3417085427136
15,111,380.45652173913044,574.591304347826
15,112,381.81021897810217,576.7007299270073
15,113,382.2457142857143,579.0657142857143
15,114,384.93650793650795,587.4031746031746
15,115,390.34375,589.625
15,116,392.0904977375566,585.9276018099547
15,117,396.9957983193277,584.9747899159664
15,118,405.0687022900763,584.3282442748092
15,119,410.61755485893417,584.8652037617555
15,120,417.719696969697,581.185606060606
16,0,292.56108597285066,597.1357466063348
16,1,294.06666666666666,597.6285714285714
16,2,298.2903225806452,598.5760368663595
16,3,300.95238095238096,599.7037037037037
16,4,301.69444444444446,599.3388888888888
16,5,304.36082474226805,598.3659793814433
16,6,305.93888888888887,597.9166666666666
16,7,307.3965517241379,597.2528735632184
16,8,308.7542857142857,596.3028571428572
16,9,309.3701923076923,594.2836538461538
16,10,311.11675126903555,592.6294416243654
16,11,311.85380116959067,591.1578947368421
16,12,312.3918918918919,590.8918918918919
16,13,312.66896551724136,591.5724137931035
16,14,310.38255033557044,591.510067114094
16,15,311.1923076923077,592.978021978022
16,16,310.48148148148147,596.4814814814815
16,17,309.7219917012448,600.4398340248963
16,18,310.5969387755102,602.5663265306123
16,19,311.7894736842105,603.8888888888889
16,20,313.5025641025641,606.1025641025641
16,21,316.11386138613864,607.8663366336634
16,22,316.8396624472574,606.7932489451476
16,23,319.9185520361991,606.4705882352941
16,24,322.3624454148472,605.7161572052402
16,25,325.0140186915888,604.3598130841121
16,26,327.90954773869345,602.5226130653266
16,27,331.2857142857143,602.7571428571429
16,28,332.8661087866109,604.1255230125523
16,29,338.0925925925926,605.6157407407408
16,30,337.54128440366975,605.6238532110092
16,31,338.31674208144796,606.5927601809955
16,32,339.34684684684686,607.2927927927927
16,33,339.984693877551,607.8265306122449
16,34,338.41628959276017,607.7194570135747
16,35,338.1531914893617,610.795744680851
16,36,339.3405172413793,610.9181034482758
16,37,340.1470588235294,611.5042016806723
16,38,340.5798319327731,612.3781512605042
16,39,340.48927038626607,612.0515021459228
16,40,339.52403846153845,609.3942307692307
16,41,339.6505376344086,607.8763440860215
16,42,340.75126903553297,607.263959390863
16,43,342.9820627802691,608.0089686098655
16,44,346.73061224489794,609.5551020408163
16,45,351.02127659574467,612.0851063829788
16,48,357.4474885844749,614.013698630137
16,49,355.94029850746267,614.636815920398
16,50,356.0153846153846,614.4
16,51,355.81382978723406,614.5478723404256
16,52,355.93333333333334,614.1111111111111
16,53,356.5280898876405,614.0898876404494
16,54,356.32941176470587,614.4117647058823
16,55,356.4972677595628,614.4262295081967
16,56,356.1016042780749,615.0320855614973
16,57,355.3864734299517,615.4057971014493
16,58,354.1380952380952,615.9238095238095
16,59,351.41818181818184,617.1590909090909
16,60,351.53333333333336,617.2844444444445
16,61,351.29464285714283,617.4508928571429
16,62,349.30882352941177,617.6813725490196
16,63,347.1272727272727,618.9090909090909
16,64,344.26635514018693,619.9532710280374
16,65,342.0966183574879,620.5845410628019
16,66,339.9527896995708,619.9828326180258
16,67,338.40723981900453,619.316742081448
16,68,336.85990338164254,620.135265700483
16,69,335.81481481481484,619.550925925926
16,70,333.1011673151751,617.4474708171206
16,71,326.66795366795367,613.6640926640927
16,72,325.15,613.6423076923077
16,73,326.9754098360656,613.9631147540983
16,74,326.77777777777777,613.6746031746031
16,75,327.1918367346939,613.0326530612244
16,76,325.09811320754716,611.9018867924528
16,77,322.79715302491104,613.3665480427046
16,78,319.7391304347826,615.0969899665552
16,79,316.7433962264151,615.8415094339623
16,80,313.5852534562212,617.1290322580645
16,81,313.9198113207547,616.8820754716982
16,82,312.7216494845361,619.1649484536083
16,83,311.6637168141593,626.5353982300885
16,84,311.3175355450237,627.5402843601896
16,85,312.2323232323232,627.4646464646464
16,86,313.8452380952381,631.2222222222222
16,87,318.05058365758754,637.1089494163424
16,88,319.60474308300394,641.2292490118577
16,89,319.611320754717,641.3245283018867
16,90,320.42471042471044,642.042471042471
16,91,322.12083333333334,641.1916666666667
16,92,325.2079646017699,644.8274336283185
16,93,328.69268292682926,648.1121951219512
16,94,331.12648221343875,651.9525691699605
16,95,332.1111111111111,654.0
16,96,333.18145161290323,654.383064516129
16,97,334.4936170212766,657.4340425531915
16,98,333.96135265700485,658.4202898550725
16,99,332.6595744680851,660.6042553191489
16,100,331.6488888888889,662.8311111111111
16,101,330.1035856573705,666.7450199203187
16,102,332.072202166065,670.1516245487364
16,103,334.0810810810811,670.7528957528957
16,104,337.27916666666664,673.8708333333333
16,105,339.3264462809917,676.4504132231405
16,106,339.684,675.416
16,107,339.79661016949154,676.4322033898305
16,108,340.6056338028169,676.8591549295775
16,109,345.75892857142856,680.9955357142857
16,110,349.4115523465704,676.9169675090253
16,111,348.48464163822524,670.5972696245734
16,112,347.6085409252669,664.459074733096
16,113,350.3905723905724,664.006734006734
16,114,363.30075187969925,665.8947368421053
16,115,371.344398340249,666.2738589211618
16,116,375.63537906137185,667.9566787003611
16,117,379.9468438538206,669.4651162790698
16,118,380.963696369637,669.2805280528053
16,119,387.8582677165354,672.5314960629921
16,120,390.63492063492066,676.1957671957672
17,9,102.53164556962025,587.1455696202531
17,10,103.12121212121212,586.3636363636364
17,11,103.0,586.5174418604652
17,12,103.07142857142857,586.2142857142857
17,13,103.44186046511628,586.1046511627907
17,14,101.15204678362574,584.8771929824561
17,15,99.07821229050279,586.0111731843575
17,16,98.02010050251256,586.5527638190955
17,17,97.61702127659575,586.0053191489362
17,18,97.20942408376963,585.5130890052357
17,19,97.23655913978494,585.4731182795699
17,20,97.45505617977528,584.9044943820224
17,21,98.65269461077844,583.8982035928144
17,22,100.10169491525424,584.4180790960452
17,23,97.89873417721519,583.6455696202531
17,24,97.4625850340136,583.2993197278912
17,25,97.58441558441558,583.2662337662338
17,26,97.2948717948718,582.9038461538462
17,27,97.04635761589404,583.0264900662252
17,28,96.33333333333333,582.9636363636364
17,29,97.07692307692308,582.8402366863905
17,30,96.80898876404494,583.1516853932584
17,31,95.49462365591398,584.3709677419355
17,32,95.53092783505154,584.7938144329897
17,33,95.38421052631578,584.0526315789474
17,34,95.89010989010988,582.7582417582418
17,35,96.46629213483146,582.2921348314607
17,36,96.64772727272727,581.4943181818181
17,37,96.34682080924856,581.0231213872833
17,38,95.51515151515152,580.3818181818182
17,39,96.43125,580.28125
17,40,96.13636363636364,580.0974025974026
17,41,96.65,579.95
17,42,97.12345679012346,579.925925925926
17,43,97.01840490797547,579.4355828220858
17,44,96.84615384615384,579.7988165680473
17,45,97.07142857142857,579.5416666666666
17,46,97.25,579.3947368421053
17,49,98.1604938271605,579.5493827160494
17,51,98.13414634146342,579.0487804878048
17,52,98.15527950310559,578.9254658385094
17,53,97.80473372781066,578.8224852071006
17,54,96.30555555555556,578.7666666666667
17,55,97.10795454545455,578.8522727272727
17,56,97.4478527607362,579.0490797546013
17,57,97.36216216216216,579.8
17,58,97.21390374331551,579.7272727272727
17,59,97.22413793103448,578.9022988505748
17,60,97.19760479041916,578.5688622754491
17,61,108.41246290801188,575.5044510385757
17,62,97.65895953757226,578.8901734104046
18,24,404.2307692307692,567.876923076923
18,25,404.21153846153845,567.3365384615385
18,26,403.5971563981043,569.9289099526067
18,27,404.30674846625766,572.5030674846626
18,28,406.0259067357513,574.9274611398964
18,29,405.4593301435407,579.377990430622
18,30,404.56796116504853,581.7135922330098
18,31,401.995670995671,585.8095238095239
18,32,398.6140350877193,588.6798245614035
18,33,395.70854271356785,591.1155778894472
18,34,392.625,594.1964285714286
18,35,388.96069868995636,598.3973799126637
18,36,388.1284403669725,600.6330275229358
18,37,390.44621513944224,603.0318725099602
18,38,394.14230769230767,606.2115384615385
18,39,398.5335820895522,605.8843283582089
18,40,403.71484375,606.0546875
18,41,409.25,606.8014705882352
18,42,413.9344262295082,608.6516393442623
18,43,416.18257261410787,609.2572614107884
18,44,418.75877192982455,610.5219298245614
18,45,421.2913043478261,613.0043478260869
18,46,425.5394736842105,617.2368421052631
18,47,426.73275862068965,618.6206896551724
18,48,426.88461538461536,619.3418803418804
18,49,429.1417322834646,623.3897637795276
18,50,435.68992248062017,626.1666666666666
18,51,438.88702928870293,627.1004184100418
18,52,442.2292490118577,625.4782608695652
18,53,444.632,624.024
18,54,447.18794326241135,621.1843971631206
18,55,451.00359712230215,618.589928057554
18,56,455.8070866141732,626.2834645669292
18,57,461.527868852459,631.0295081967213
18,58,471.2269503546099,634.5921985815603
18,59,483.20394736842104,633.6809210526316
18,60,491.9195804195804,630.9895104895105
18,61,499.8906882591093,633.6720647773279
18,62,503.80616740088107,634.5330396475771
18,63,509.23636363636365,634.6636363636363
18,64,511.1957446808511,638.0723404255319
18,65,513.2259259259259,640.3629629629629
18,66,515.7437185929648,637.3668341708543
18,67,518.8666666666667,637.8871794871795
18,68,521.7883817427386,635.5186721991702
18,69,527.910569105691,630.2560975609756
18,70,525.5907590759076,624.6468646864687
18,71,526.7233201581028,625.6798418972332
18,72,529.8988326848249,622.5797665369649
18,73,537.904214559387,614.2298850574713
18,74,545.319298245614,615.3964912280702
18,75,556.1807692307692,618.9230769230769
18,76,568.1691729323309,617.9962406015038
18,77,575.9010989010989,614.5604395604396
18,78,585.7220216606498,613.8916967509025
18,79,591.1811846689895,623.7247386759582
18,80,593.7051792828685,629.2350597609561
18,81,595.7489177489177,630.3376623376623
18,82,597.6666666666666,633.1416666666667
18,83,607.4651162790698,634.2519379844962
18,84,616.2687074829932,637.1496598639455
18,85,622.3492647058823,639.6727941176471
18,86,620.1939163498099,642.0608365019011
18,87,623.2008032128514,650.2248995983936
18,88,629.0871212121212,655.7916666666666
18,89,639.8086642599278,657.5992779783394
18,90,649.3024911032029,656.7900355871886
18,91,658.0488721804511,657.5187969924812
18,92,665.3071161048689,652.4307116104869
18,93,671.7392857142858,651.7178571428572
18,94,675.1913357400722,650.9314079422383
18,95,682.6567656765676,643.5313531353136
18,96,690.3592592592593,644.6518518518518
18,97,696.5366666666666,642.7166666666667
18,98,699.7014925373135,643.1231343283582
18,99,703.3112840466927,642.5486381322958
18,100,711.0415224913495,649.280276816609
18,101,714.4178571428571,648.7357142857143
18,102,720.7604562737642,652.0912547528517
18,103,723.5166666666667,653.76
18,104,721.765625,652.96484375
18,105,726.7379310344828,658.0068965517241
18,106,728.5767918088737,666.8839590443686
18,107,732.876160990712,671.8730650154798
18,108,736.2577639751553,672.8074534161491
18,109,736.0194986072423,675.7493036211699
18,110,735.0762463343109,678.4692082111437
18,111,739.6603773584906,683.9150943396227
18,112,746.3135888501743,688.205574912892
18,113,751.5855855855856,692.6306306306307
18,114,759.4583333333334,698.3717948717949
18,115,763.5813148788927,705.1038062283737
18,116,765.8873720136519,708.9522184300341
18,117,769.9029126213592,711.7864077669902
18,119,778.5379537953795,718.4488448844885
18,120,783.4790874524715,727.6311787072243
19,35,160.4681647940075,560.2584269662922
19,36,159.21268656716418,561.2313432835821
19,37,154.72985781990522,564.0236966824644
19,38,151.8186813186813,565.4615384615385
19,39,153.2764705882353,565.6117647058824
19,41,155.67,567.215
19,42,159.4824120603015,568.2060301507538
19,43,161.83589743589744,569.4307692307692
19,44,164.13756613756613,570.6613756613757
19,45,164.5205479452055,570.6164383561644
19,46,162.8423645320197,570.6305418719212
19,47,165.1813725490196,570.9656862745098
19,48,167.614406779661,572.0889830508474
19,49,168.53303964757708,572.6123348017621
19,50,169.05172413793105,572.8879310344828
19,51,169.41148325358853,574.1291866028708
19,52,168.64840182648402,575.4566210045662
19,53,168.8251121076233,575.9551569506726
19,54,167.1082251082251,577.4242424242424
19,55,166.8961038961039,577.8917748917748
19,56,167.45454545454547,577.8038277511962
19,57,166.05194805194805,578.2251082251082
19,58,164.31489361702128,577.9744680851064
19,59,161.57831325301206,578.0120481927711
19,60,155.8810408921933,581.550185873606
19,61,154.13080168776372,587.0210970464135
19,62,152.7086956521739,589.3869565217391
19,63,154.1559633027523,589.3853211009174
19,64,154.1336405529954,590.9078341013825
19,65,153.5511111111111,591.3111111111111
19,66,153.48275862068965,592.551724137931
19,67,158.68341708542712,595.321608040201
19,68,158.8110599078341,597.3410138248848
19,69,159.66666666666666,596.0
19,70,160.36274509803923,597.2254901960785
19,71,164.44660194174756,597.0145631067961
19,72,167.59313725490196,597.3823529411765
19,73,168.6448598130841,597.7056074766355
19,74,171.072,598.108
19,75,171.02766798418972,599.1106719367589
19,76,172.42857142857142,596.4401544401544
19,77,173.93061224489796,594.1346938775511
19,78,174.48803827751198,593.3732057416267
19,79,173.68055555555554,593.0416666666666
19,80,174.91346153846155,591.9230769230769
19,81,174.38308457711443,591.955223880597
19,82,173.87192118226602,591.9704433497537
19,83,172.58482142857142,592.0446428571429
19,84,171.5782608695652,590.7565217391304
19,85,171.27142857142857,593.2761904761904
19,86,168.73931623931625,595.8119658119658
19,87,167.1851851851852,597.6666666666666
19,88,164.39370078740157,600.6889763779527
19,89,162.85496183206106,603.5038167938932
19,90,161.15929203539824,606.4557522123894
19,91,161.00881057268722,606.9691629955947
19,92,162.0,610.16015625
19,93,164.2469135802469,614.5884773662551
19,94,164.94570135746605,616.8778280542987
19,95,165.5336787564767,616.2849740932643
19,96,164.96571428571428,616.8514285714285
19,97,164.95652173913044,616.0434782608696
19,98,164.95263157894738,618.0578947368421
19,99,163.85650224215246,618.5560538116592
19,100,164.57070707070707,617.2121212121212
19,101,164.70142180094786,613.6587677725119
19,102,163.82478632478632,610.5940170940171
19,103,162.7004048582996,607.9271255060729
19,104,162.97991967871485,606.1887550200803
19,105,162.4933920704846,603.8678414096917
19,106,162.09230769230768,603.7025641025641
19,107,160.97395833333334,603.6041666666666
19,108,158.03061224489795,603.0918367346939
19,109,157.96412556053812,601.170403587444
19,110,157.33492822966508,600.622009569378
19,111,156.18867924528303,600.872641509434
19,112,156.75634517766497,600.0862944162436
19,113,154.50462962962962,599.6481481481482
19,114,151.37280701754386,601.1842105263158
19,115,151.8861386138614,600.5990099009902
19,116,149.5359477124183,597.1111111111111
19,117,148.9030303030303,596.0181818181818
19,118,150.70552147239263,596.2147239263803
19,119,156.16589861751152,597.2350230414746
19,120,161.72169811320754,597.7877358490566
20,110,116.02762430939227,571.4751381215469
20,111,113.70243902439024,571.6048780487805
20,112,113.64018691588785,571.2990654205607
20,113,118.12352941176471,571.2235294117647
20,114,119.17142857142858,572.8342857142857
20,115,119.76878612716763,572.7687861271677
20,116,122.05913978494624,571.3010752688172
20,117,129.1818181818182,572.8136363636364
20,118,136.7883597883598,575.005291005291
20,119,139.1122448979592,575.984693877551
20,120,144.97156398104266,576.473933649289
